Rk,Player,Age,Team,Pos,G,GS,MP,FG,FGA,FG%,3P,3PA,3P%,2P,2PA,2P%,eFG%,FT,FTA,FT%,ORB,DRB,TRB,AST,STL,BLK,TOV,PF,PTS,Awards,Player-additional
1,Shai Gilgeous-Alexander,26,OKC,PG,76,76,34.2,11.3,21.8,.519,2.1,5.7,.375,9.2,16.1,.571,.569,7.9,8.8,.898,0.9,4.1,5.0,6.4,1.7,1.0,2.4,2.2,32.7,,gilgesh01
2,Giannis Antetokounmpo,30,MIL,PF,66,66,34.1,11.8,19.7,.603,0.2,0.9,.230,11.6,18.7,.621,.608,6.5,10.5,.612,2.2,9.7,11.9,6.3,0.9,1.2,3.1,2.3,30.4,,antetgi01
3,Nikola Jokić,29,DEN,C,68,68,36.8,11.3,19.6,.575,2.0,4.8,.414,9.3,14.9,.627,.625,5.3,6.5,.808,2.9,9.9,12.8,10.2,1.8,0.6,3.3,2.3,29.8,,jokicni01
4,Anthony Edwards,23,MIN,SG,77,77,36.4,9.1,20.4,.447,4.1,10.2,.397,5.1,10.2,.497,.546,5.3,6.4,.836,0.8,4.9,5.7,4.5,1.1,0.6,3.2,1.9,27.6,,edwaran01
5,Jayson Tatum,26,BOS,PF,71,71,36.5,9.2,20.4,.453,3.5,10.1,.344,5.8,10.3,.560,.538,5.0,6.2,.813,0.7,8.0,8.7,6.0,1.1,0.5,2.9,2.2,27.0,,tatumja01
6,Kevin Durant,36,PHO,PF,62,62,36.5,9.5,18.1,.527,2.6,6.0,.430,7.0,12.1,.574,.598,4.9,5.8,.839,0.4,5.7,6.0,4.2,0.8,1.2,3.1,1.7,26.6,,duranke01
7,Cade Cunningham,23,DET,PG,69,69,35.0,9.7,20.8,.466,2.1,6.0,.354,7.6,14.8,.511,.517,4.5,5.3,.847,0.8,5.3,6.1,9.1,1.0,0.7,4.4,2.8,26.0,,cunnica01
8,Jalen Brunson,28,NYK,PG,64,64,35.4,9.0,18.5,.487,2.3,6.1,.382,6.7,12.4,.538,.550,5.7,6.9,.821,0.4,2.5,2.9,7.4,0.9,0.1,2.5,2.1,26.0,,brunsja01
9,Devin Booker,28,PHO,SG,74,74,37.4,8.7,19.0,.459,2.5,7.4,.332,6.3,11.6,.540,.523,5.8,6.5,.894,1.0,3.1,4.1,7.1,0.9,0.2,2.9,2.7,25.7,,bookede01
10,Damian Lillard,34,MIL,PG,58,58,36.1,7.7,17.1,.448,3.4,9.0,.376,4.3,8.1,.528,.547,6.2,6.8,.921,0.5,4.2,4.7,7.1,1.2,0.2,2.8,1.7,24.9,,lillada01
11,LeBron James,40,LAL,SF,69,69,35.1,9.3,18.2,.512,2.1,5.7,.378,7.2,12.6,.573,.571,3.7,4.8,.782,1.0,6.8,7.9,8.2,1.0,0.6,3.8,1.4,24.6,,jamesle01
12,Stephen Curry,36,GSW,PG,68,68,32.2,8.1,18.0,.448,4.4,11.2,.395,3.6,6.8,.535,.571,4.0,4.3,.931,0.6,3.9,4.4,6.0,1.1,0.4,2.8,1.3,24.5,,curryst01
13,Karl-Anthony Towns,29,NYK,C,72,72,35.0,8.9,16.9,.526,2.0,4.7,.420,6.9,12.2,.567,.584,4.7,5.7,.829,2.9,9.8,12.8,3.1,1.0,0.7,2.7,3.5,24.4,,townska01
14,Franz Wagner,23,ORL,SF,60,60,33.7,9.0,19.4,.463,1.7,5.9,.295,7.2,13.5,.535,.507,4.5,5.2,.871,0.9,4.8,5.7,4.7,1.3,0.4,2.3,2.5,24.2,,wagnefr01
15,Trae Young,26,ATL,PG,75,75,36.0,7.4,18.1,.411,2.8,8.4,.337,4.6,9.7,.474,.489,6.4,7.3,.876,0.5,2.6,3.1,11.6,1.2,0.2,4.7,1.9,24.1,,youngtr01
16,Donovan Mitchell,28,CLE,SG,71,71,31.4,8.2,18.6,.443,3.3,8.9,.368,5.0,9.7,.512,.531,4.2,5.1,.823,0.8,3.7,4.5,5.0,1.3,0.2,2.1,2.0,24.0,,mitchdo01
17,Tyler Herro,25,MIA,SG,76,76,35.6,8.5,18.0,.471,3.3,8.8,.373,5.2,9.2,.563,.562,3.7,4.2,.875,0.4,4.8,5.2,5.5,0.9,0.2,2.6,1.1,23.9,,herroty01
18,De'Aaron Fox,27,SAC,PG,62,62,36.1,8.7,18.8,.463,1.9,6.1,.310,6.8,12.6,.538,.514,4.2,5.1,.827,0.9,3.9,4.8,6.3,1.5,0.4,2.8,2.6,23.5,,foxde01
19,Zach LaVine,29,SAC,SF,72,72,35.2,8.5,16.5,.513,3.2,7.2,.446,5.3,9.3,.565,.610,3.2,3.9,.822,0.3,4.0,4.3,4.2,0.8,0.2,2.8,1.6,23.4,,lavinza01
20,James Harden,35,LAC,PG,77,77,35.0,6.6,16.3,.406,3.0,8.5,.349,3.7,7.8,.468,.496,6.4,7.3,.875,0.7,5.0,5.7,8.7,1.5,0.7,4.3,2.0,22.6,,hardeja01
21,DeMar DeRozan,35,SAC,SF,75,75,36.0,8.2,17.1,.480,1.1,3.3,.331,7.1,13.7,.517,.513,5.0,5.8,.858,0.7,3.3,3.9,4.4,0.8,0.4,1.4,2.0,22.5,,derozde01
22,Jaren Jackson Jr.,25,MEM,C,73,73,29.7,8.0,16.4,.488,2.0,5.2,.377,6.0,11.2,.541,.548,4.3,5.5,.781,1.2,4.5,5.7,2.0,1.3,1.5,2.1,3.5,22.2,,jacksja02
23,Jaylen Brown,28,BOS,SF,63,63,34.3,8.2,17.7,.463,1.8,5.7,.324,6.4,12.1,.529,.515,3.9,5.1,.764,1.3,4.5,5.8,4.5,1.2,0.3,2.6,2.4,22.2,,brownja02
24,Norman Powell,31,LAC,SG,58,58,32.4,7.7,15.9,.485,3.0,7.2,.420,4.7,8.7,.540,.581,3.6,4.5,.807,0.4,2.8,3.2,2.1,1.2,0.2,1.8,1.8,22.1,,powelno01
25,Jamal Murray,27,DEN,PG,65,65,36.3,8.0,16.8,.476,2.4,6.0,.396,5.6,10.8,.520,.546,3.2,3.7,.887,0.7,3.2,3.8,6.0,1.4,0.5,2.0,1.9,21.6,,murraja01
26,Jalen Williams,23,OKC,SG,69,69,32.4,8.2,16.9,.484,1.8,4.9,.365,6.4,12.0,.533,.537,3.4,4.3,.789,0.9,4.5,5.3,5.1,1.6,0.7,2.2,2.3,21.6,,willija06
27,Jalen Green,22,HOU,SG,80,80,33.3,7.6,17.8,.426,2.9,8.2,.355,4.7,9.6,.487,.508,3.4,4.2,.811,0.6,4.1,4.6,3.5,0.9,0.3,2.5,1.6,21.4,,greenja05
28,RJ Barrett,24,TOR,SF,58,58,32.2,7.9,16.9,.468,1.8,5.3,.350,6.1,11.7,.522,.523,3.4,5.4,.630,1.1,5.3,6.3,5.4,0.8,0.3,2.8,2.4,21.1,,barrerj01
29,Coby White,24,CHI,SG,72,71,33.4,7.0,15.3,.454,3.0,8.1,.371,4.0,7.3,.546,.551,3.8,4.2,.901,0.3,3.3,3.6,4.5,0.9,0.2,2.4,2.1,20.7,,whiteco01
30,Darius Garland,25,CLE,PG,74,74,30.6,7.4,15.6,.470,2.9,7.1,.403,4.5,8.6,.526,.561,3.0,3.4,.883,0.6,2.2,2.9,6.7,1.2,0.1,2.5,1.9,20.5,,garlada01
31,Jordan Poole,25,WAS,SG,68,68,29.4,6.7,15.5,.432,3.5,9.1,.378,3.3,6.4,.510,.544,3.6,4.0,.883,0.5,2.5,3.0,4.5,1.3,0.4,3.0,3.0,20.5,,poolejo01
32,Miles Bridges,26,CHO,PF,64,64,31.7,7.3,17.0,.431,2.2,7.0,.313,5.1,10.0,.513,.495,3.5,4.0,.870,1.1,6.4,7.5,3.9,0.7,0.7,2.1,1.5,20.3,,bridgmi02
33,Pascal Siakam,30,IND,PF,78,78,32.7,7.9,15.2,.519,1.6,4.2,.389,6.2,11.0,.568,.572,2.9,3.9,.734,1.7,5.2,6.9,3.4,0.9,0.5,1.4,2.4,20.2,,siakapa01
34,Austin Reaves,26,LAL,SG,72,72,35.0,6.5,14.2,.458,2.7,7.3,.375,3.8,6.9,.545,.554,4.4,5.1,.876,0.8,3.6,4.5,5.8,1.1,0.3,2.4,2.1,20.2,,reaveau01
35,Anfernee Simons,25,POR,SG,70,70,32.7,6.8,16.1,.426,3.1,8.5,.363,3.8,7.6,.496,.521,2.5,2.8,.902,0.4,2.3,2.7,4.8,0.9,0.1,2.0,1.7,19.3,,simonan01
36,Desmond Bane,26,MEM,SG,68,67,31.9,7.1,14.7,.484,2.4,6.0,.393,4.8,8.7,.548,.565,2.6,2.9,.892,0.9,5.2,6.1,5.4,1.2,0.4,2.4,2.4,19.2,,banede01
37,Alperen Şengün,22,HOU,C,75,75,31.6,7.5,15.1,.496,0.3,1.2,.233,7.2,13.9,.519,.505,3.9,5.7,.692,3.5,6.9,10.4,4.9,1.1,0.8,2.6,2.8,19.2,,sengual01
38,Domantas Sabonis,28,SAC,C,68,68,34.8,7.5,12.8,.589,0.9,2.2,.400,6.6,10.6,.628,.623,3.2,4.2,.753,3.8,10.1,13.9,6.1,0.6,0.4,2.9,3.3,19.1,,sabondo01
39,Scottie Barnes,23,TOR,PF,63,63,32.8,7.1,16.1,.440,1.2,4.4,.269,5.9,11.7,.504,.477,3.5,4.6,.769,1.7,6.0,7.7,5.8,1.5,1.0,2.8,1.8,18.9,,barnesc01
40,Cameron Johnson,28,BRK,PF,57,57,31.6,6.2,13.1,.475,2.8,7.2,.390,3.4,5.9,.578,.582,3.5,3.9,.893,0.9,3.4,4.3,3.4,0.9,0.4,1.7,1.8,18.8,,johnsca02
41,Julius Randle,30,MIN,PF,67,67,32.3,6.6,13.7,.482,1.5,4.6,.338,5.1,9.1,.554,.538,4.0,5.0,.806,2.1,5.0,7.1,4.7,0.7,0.2,2.8,2.6,18.8,,randlju01
42,Nikola Vučević,34,CHI,C,71,70,31.5,7.6,14.3,.533,1.8,4.5,.404,5.8,9.8,.592,.596,1.7,2.1,.803,2.4,7.7,10.1,3.5,0.8,0.7,1.6,2.3,18.7,,vucevni01
43,Tyrese Haliburton,24,IND,PG,73,73,33.6,6.5,13.8,.473,3.0,7.7,.388,3.5,6.1,.581,.582,2.6,3.0,.851,0.6,3.0,3.5,9.2,1.4,0.7,1.6,1.3,18.6,,halibty01
44,Evan Mobley,23,CLE,PF,70,70,30.4,7.2,12.8,.560,1.2,3.2,.373,6.0,9.6,.623,.607,3.0,4.2,.729,2.3,7.0,9.3,3.2,0.9,1.6,2.0,2.0,18.6,,mobleev01
45,Shaedon Sharpe,21,POR,SG,72,52,31.3,6.9,15.3,.452,2.0,6.6,.311,4.9,8.8,.557,.519,2.6,3.4,.785,0.9,3.6,4.5,2.8,0.9,0.2,2.1,1.7,18.5,,sharpsh01
46,Collin Sexton,26,UTA,SG,63,61,27.9,6.6,13.8,.480,1.7,4.3,.406,4.9,9.5,.513,.543,3.4,4.0,.865,1.0,1.8,2.7,4.2,0.7,0.1,2.5,2.3,18.4,,sextoco01
47,Michael Porter Jr.,26,DEN,SF,75,75,33.8,6.9,13.7,.504,2.5,6.4,.395,4.4,7.3,.600,.596,1.9,2.5,.768,1.8,5.1,6.9,2.2,0.7,0.5,1.4,2.0,18.3,,portemi01
48,Andrew Wiggins,29,2TM,SF,59,59,30.8,6.3,14.0,.450,2.2,5.8,.378,4.1,8.2,.502,.529,3.3,4.3,.764,1.5,3.0,4.5,2.6,1.0,0.8,1.7,1.7,18.1,,wiggian01
49,OG Anunoby,27,NYK,PF,73,73,36.6,6.6,13.8,.479,2.3,6.2,.375,4.3,7.6,.563,.562,2.5,3.1,.813,1.3,3.5,4.8,2.2,1.5,0.9,1.4,2.3,18.0,,anunoog01
50,Bam Adebayo,27,MIA,C,77,77,34.4,6.9,14.3,.483,1.0,2.8,.349,5.9,11.5,.516,.517,3.2,4.2,.765,2.4,7.2,9.6,4.3,1.2,0.7,2.1,2.1,18.0,,adebaba01
51,Mikal Bridges,28,NYK,SF,80,80,37.5,7.3,14.6,.501,2.0,5.7,.356,5.3,8.9,.594,.571,1.2,1.4,.814,0.9,2.4,3.2,3.7,0.9,0.5,1.7,1.6,17.8,,bridgmi01
52,Malik Monk,26,SAC,SG,65,45,31.6,6.3,14.4,.439,2.1,6.6,.325,4.2,7.9,.534,.513,2.4,2.7,.865,0.5,3.3,3.8,5.6,0.9,0.6,2.4,2.4,17.2,,monkma01
53,De'Andre Hunter,27,2TM,SF,64,9,27.2,5.6,11.9,.470,2.5,6.1,.405,3.1,5.8,.537,.573,3.4,4.0,.846,0.7,3.3,4.0,1.4,0.8,0.2,1.3,2.4,17.0,,huntede01
54,Deni Avdija,24,POR,SF,72,54,30.0,5.6,11.7,.476,1.7,4.8,.365,3.8,7.0,.552,.550,4.0,5.2,.780,1.5,5.7,7.3,3.9,1.0,0.5,2.7,2.4,16.9,,avdijde01
55,Keyonte George,21,UTA,PG,65,33,31.2,5.4,13.6,.396,2.7,7.6,.350,2.7,6.0,.453,.493,3.4,4.2,.815,0.4,3.4,3.8,5.6,0.7,0.1,2.7,1.7,16.9,,georgke01
56,Ivica Zubac,27,LAC,C,78,78,32.6,7.3,11.7,.626,0.0,0.0,,7.3,11.7,.626,.626,2.0,3.0,.660,3.8,8.8,12.6,2.7,0.7,1.1,1.6,2.1,16.7,,zubaciv01
57,Derrick White,30,BOS,SG,75,75,33.9,5.5,12.6,.439,3.5,9.1,.383,2.1,3.5,.586,.578,1.8,2.1,.839,0.9,3.6,4.5,4.7,0.9,1.0,1.7,1.8,16.4,,whitede01
58,Devin Vassell,24,SAS,SG,64,53,31.0,6.2,13.9,.443,2.5,6.7,.368,3.7,7.2,.513,.532,1.5,1.9,.792,0.5,3.5,4.0,2.9,1.3,0.5,1.4,1.7,16.3,,vassede01
59,Malik Beasley,28,DET,SG,80,18,28.0,5.6,13.0,.428,3.8,9.3,.412,1.8,3.8,.470,.575,1.2,1.8,.679,0.6,2.1,2.7,1.7,0.9,0.1,1.0,1.5,16.2,,beaslma01
60,Bennedict Mathurin,22,IND,SF,71,48,29.7,5.4,11.8,.462,1.4,4.0,.342,4.1,7.8,.524,.520,3.8,4.5,.837,1.2,4.1,5.3,1.9,0.6,0.3,1.8,2.3,16.0,,mathube01
61,Myles Turner,28,IND,C,71,71,30.4,5.5,11.4,.480,2.2,5.5,.395,3.3,5.8,.559,.576,2.6,3.3,.771,1.3,5.4,6.6,1.5,0.8,2.0,1.7,2.6,15.6,,turnemy01
62,Christian Braun,23,DEN,SG,77,75,33.9,6.1,10.5,.580,1.2,2.9,.403,4.9,7.6,.647,.635,2.2,2.7,.823,1.3,3.9,5.2,2.5,1.1,0.5,1.0,2.1,15.5,,braunch01
63,Kelly Oubre Jr.,29,PHI,SF,60,57,34.6,5.8,12.4,.470,1.2,4.0,.293,4.6,8.3,.555,.518,2.3,3.1,.751,1.6,4.5,6.1,1.8,1.5,0.5,1.3,3.0,15.1,,oubreke01
64,Kyle Kuzma,29,2TM,PF,63,60,30.2,5.7,13.2,.432,1.4,4.8,.292,4.3,8.4,.511,.485,2.0,3.2,.633,0.9,5.0,5.8,2.4,0.6,0.3,2.3,1.9,14.8,,kuzmaky01
65,Quentin Grimes,24,2TM,SG,74,36,26.7,5.1,10.9,.471,2.2,5.6,.393,3.0,5.4,.552,.571,2.2,2.9,.755,0.8,3.5,4.3,3.0,1.0,0.3,1.9,1.8,14.6,,grimequ01
66,Stephon Castle,20,SAS,PG,79,45,26.5,5.2,12.2,.428,1.2,4.1,.283,4.1,8.1,.502,.476,3.0,4.2,.715,1.1,2.5,3.6,4.0,0.9,0.3,2.2,2.1,14.6,,castlst01
67,Josh Giddey,22,CHI,PG,70,69,30.2,5.3,11.4,.465,1.5,4.0,.378,3.8,7.4,.512,.531,2.5,3.2,.781,1.8,6.3,8.1,7.2,1.2,0.6,2.9,1.7,14.6,,giddejo01
68,Jakob Poeltl,29,TOR,C,57,56,29.6,6.4,10.2,.627,0.0,0.1,.333,6.4,10.1,.628,.628,1.7,2.5,.674,3.3,6.3,9.6,2.8,1.2,1.2,1.9,3.1,14.5,,poeltja01
69,Naz Reid,25,MIN,C,78,17,27.6,5.4,11.6,.461,2.2,5.8,.382,3.1,5.8,.541,.557,1.4,1.8,.775,1.1,4.9,6.0,2.3,0.7,0.9,1.4,2.4,14.4,,reidna01
70,Dyson Daniels,21,ATL,SG,75,75,33.8,6.0,12.2,.495,1.1,3.1,.346,4.9,9.1,.545,.538,1.1,1.8,.601,1.6,4.2,5.9,4.3,3.0,0.7,2.0,2.3,14.2,,daniedy01
71,Dillon Brooks,29,HOU,SF,74,74,32.0,5.1,12.0,.430,2.5,6.3,.397,2.7,5.7,.466,.534,1.3,1.6,.818,1.0,2.7,3.7,1.7,0.8,0.2,1.0,3.2,14.1,,brookdi01
72,Klay Thompson,34,DAL,SF,71,71,27.4,5.0,12.2,.412,3.0,7.7,.392,2.0,4.5,.445,.536,0.9,1.0,.905,0.6,2.8,3.5,2.0,0.7,0.4,1.2,1.1,14.1,,thompkl01
73,Fred VanVleet,30,HOU,PG,59,59,35.3,4.8,12.6,.378,2.6,7.7,.344,2.1,5.0,.430,.483,1.8,2.3,.813,0.5,3.2,3.7,5.6,1.6,0.4,1.4,2.3,14.1,,vanvlfr01
74,Amen Thompson,22,HOU,SF,68,41,32.3,5.6,10.1,.555,0.4,1.3,.278,5.3,8.8,.597,.573,2.4,3.6,.683,2.8,5.4,8.2,3.8,1.4,1.3,2.0,2.4,14.0,,thompam01
75,Payton Pritchard,27,BOS,PG,78,2,28.3,4.9,10.6,.465,3.2,7.8,.406,1.8,2.8,.629,.614,0.9,1.1,.841,1.3,2.5,3.8,3.4,0.9,0.2,1.0,1.5,13.9,,pritcpa01
76,Tobias Harris,32,DET,PF,71,71,31.9,5.3,11.2,.475,1.2,3.6,.340,4.1,7.5,.540,.530,2.0,2.3,.870,0.9,5.1,6.0,2.2,1.0,0.8,1.2,1.9,13.8,,harrito02
77,Josh Hart,29,NYK,SG,76,76,37.7,5.3,10.1,.525,1.1,3.3,.329,4.2,6.8,.619,.579,2.1,2.7,.776,2.1,7.5,9.6,5.9,1.6,0.4,2.1,2.6,13.7,,hartjo01
78,Jarrett Allen,26,CLE,C,80,80,28.3,5.6,7.9,.708,0.0,0.1,.000,5.6,7.9,.712,.708,2.5,3.4,.718,2.7,7.2,9.8,1.9,1.0,0.9,1.2,1.6,13.7,,allenja01
79,Onyeka Okongwu,24,ATL,C,73,39,27.9,5.3,9.3,.570,0.7,2.0,.331,4.6,7.3,.635,.606,2.2,3.0,.759,3.0,5.9,8.9,2.3,0.9,0.9,1.2,2.6,13.5,,okongon01
80,Naji Marshall,27,DAL,SF,67,29,27.8,5.3,10.3,.512,0.9,3.2,.274,4.4,7.2,.617,.553,1.9,2.4,.813,1.1,3.7,4.8,3.0,1.0,0.2,1.6,1.6,13.4,,marshna01
81,Russell Westbrook,36,DEN,PG,73,36,28.0,5.0,11.1,.448,1.3,3.9,.326,3.7,7.2,.513,.505,1.9,3.0,.645,1.4,3.6,5.0,6.1,1.4,0.5,3.3,2.6,13.2,,westbru01
82,Alex Sarr,19,WAS,C,65,65,27.3,4.9,12.4,.397,1.6,5.1,.311,3.3,7.3,.456,.460,1.7,2.5,.677,1.9,4.6,6.5,2.4,0.7,1.5,1.7,2.2,13.1,,sarral01
83,Rui Hachimura,26,LAL,PF,58,56,31.7,4.9,9.8,.505,1.7,4.2,.412,3.2,5.6,.576,.594,1.4,1.9,.771,1.4,3.6,5.0,1.4,0.8,0.4,0.8,1.8,13.1,,hachiru01
84,Dennis Schröder,31,3TM,PG,74,49,28.1,4.5,11.0,.405,1.7,5.0,.340,2.8,6.1,.459,.482,2.4,2.9,.838,0.4,2.3,2.6,5.4,0.9,0.2,1.9,2.4,13.1,,schrode01
85,Brook Lopez,36,MIL,C,79,79,31.9,4.9,9.7,.510,1.7,4.7,.373,3.2,5.0,.639,.600,1.4,1.7,.821,1.4,3.6,5.0,1.8,0.6,1.8,1.1,2.2,13.0,,lopezbr01
86,Scoot Henderson,20,POR,PG,66,10,26.7,4.3,10.4,.419,1.6,4.5,.354,2.8,5.9,.469,.496,2.4,3.1,.767,0.8,2.2,3.0,5.1,1.0,0.2,2.7,2.7,12.7,,hendesc01
87,Zaccharie Risacher,19,ATL,SF,73,71,24.8,4.8,10.5,.458,1.6,4.6,.355,3.2,5.8,.539,.536,1.4,2.0,.707,1.2,2.4,3.6,1.3,0.7,0.5,1.2,2.0,12.7,,risacza01
88,D'Angelo Russell,28,2TM,PG,58,36,25.5,4.3,11.0,.390,1.9,6.2,.314,2.3,4.8,.489,.479,2.1,2.5,.834,0.3,2.4,2.8,5.1,1.0,0.4,1.9,2.0,12.6,,russeda01
89,Keldon Johnson,25,SAS,SF,76,0,23.8,4.8,9.9,.478,1.1,3.6,.319,3.6,6.4,.566,.534,1.9,2.5,.783,1.4,3.3,4.8,1.6,0.6,0.3,1.0,1.5,12.6,,johnske04
90,Santi Aldama,24,MEM,PF,64,16,25.5,4.8,10.0,.483,1.8,5.0,.368,3.0,5.0,.598,.575,1.0,1.5,.699,1.5,5.0,6.5,2.9,0.8,0.5,1.1,1.1,12.5,,aldamsa01
91,Ty Jerome,27,CLE,SG,70,3,19.9,4.6,8.8,.516,1.6,3.6,.439,3.0,5.2,.570,.606,1.8,2.1,.872,0.7,1.8,2.5,3.4,1.1,0.0,1.3,1.5,12.5,,jeromty01
92,Keegan Murray,24,SAC,PF,74,74,34.5,4.8,10.9,.446,2.1,5.9,.348,2.8,4.9,.565,.541,0.8,0.9,.829,1.9,4.7,6.6,1.4,0.8,0.9,0.8,2.5,12.5,,murrake02
93,Harrison Barnes,32,SAS,PF,80,80,27.3,4.3,8.4,.510,1.9,4.4,.438,2.4,4.0,.591,.625,1.9,2.4,.801,1.2,2.6,3.8,1.7,0.5,0.2,0.6,0.9,12.4,,barneha02
94,Bilal Coulibaly,20,WAS,SF,59,59,33.0,4.5,10.6,.421,1.1,3.8,.281,3.4,6.8,.500,.472,2.3,3.1,.746,1.5,3.4,5.0,3.4,1.3,0.7,2.1,2.4,12.3,,coulibi01
95,Jaden McDaniels,24,MIN,PF,80,80,32.0,4.9,10.2,.477,1.3,3.7,.334,3.6,6.5,.560,.539,1.3,1.6,.824,1.6,4.2,5.8,2.0,1.3,0.9,1.1,2.8,12.3,,mcdanja02
96,Jabari Smith Jr.,21,HOU,PF,57,39,30.1,4.4,9.9,.438,1.7,4.9,.354,2.6,5.1,.519,.525,1.8,2.2,.825,1.8,5.2,7.0,1.1,0.4,0.7,1.1,2.2,12.2,,smithja05
97,Jalen Duren,21,DET,C,76,76,26.1,4.9,7.0,.695,0.0,0.0,,4.9,7.0,.695,.695,2.1,3.1,.682,3.6,6.8,10.4,2.7,0.7,1.2,1.8,3.3,11.9,,durenja01
98,Caris LeVert,30,2TM,SG,63,3,24.9,4.3,9.3,.459,1.6,4.4,.366,2.6,4.8,.544,.546,1.7,2.4,.713,0.6,2.5,3.2,3.3,0.9,0.5,1.2,1.5,11.8,,leverca01
99,Donte DiVincenzo,28,MIN,SG,60,10,25.9,4.0,9.6,.420,2.8,7.1,.396,1.2,2.5,.487,.566,0.8,1.1,.778,0.5,3.1,3.7,3.7,1.2,0.3,1.6,1.8,11.7,,divindo01
100,Rudy Gobert,32,MIN,C,70,70,33.1,4.6,6.8,.671,0.0,0.0,,4.6,6.8,.671,.671,2.5,3.6,.677,3.6,7.2,10.8,1.8,0.8,1.4,1.3,2.5,11.6,,goberru01
101,Brandin Podziemski,21,GSW,SG,62,31,26.5,4.3,9.8,.443,1.8,4.8,.371,2.5,5.0,.513,.535,1.1,1.5,.767,1.0,4.0,5.0,3.4,1.0,0.2,1.2,1.5,11.6,,podzibr01
102,Corey Kispert,25,WAS,SF,61,0,26.3,4.2,9.3,.451,2.0,5.4,.364,2.2,3.9,.574,.558,1.2,1.4,.852,0.6,2.4,3.0,1.7,0.4,0.2,1.0,1.6,11.6,,kispeco01
103,Aaron Wiggins,26,OKC,SG,74,24,22.6,4.5,9.3,.485,1.7,4.4,.384,2.8,4.9,.576,.576,0.8,1.0,.813,1.1,2.7,3.8,1.7,0.8,0.2,0.9,1.3,11.5,,wiggiaa01
104,Toumani Camara,24,POR,PF,76,76,32.8,4.2,9.2,.458,1.7,4.6,.372,2.5,4.6,.545,.552,1.2,1.6,.726,2.3,3.5,5.8,2.2,1.5,0.7,1.4,3.0,11.3,,camarto01
105,Jrue Holiday,34,BOS,PG,61,61,30.7,4.1,9.3,.446,1.8,5.0,.355,2.4,4.3,.551,.541,1.1,1.3,.909,1.2,3.1,4.3,3.9,1.1,0.4,1.2,1.7,11.2,,holidjr01
106,Isaiah Hartenstein,26,OKC,C,57,53,27.9,4.9,8.4,.581,0.0,0.3,.000,4.9,8.1,.605,.581,1.4,2.1,.675,2.9,7.9,10.7,3.8,0.8,1.1,1.7,3.0,11.2,,harteis01
107,Gary Trent Jr.,26,MIL,SG,73,9,25.6,3.8,8.8,.434,2.4,5.8,.417,1.4,3.0,.466,.571,1.1,1.3,.848,0.3,2.0,2.3,1.2,1.0,0.1,0.6,1.7,11.2,,trentga02
108,Tim Hardaway Jr.,32,DET,SG,75,75,28.2,3.6,8.9,.410,2.2,5.9,.371,1.4,2.9,.489,.534,1.7,1.9,.855,0.2,2.2,2.4,1.6,0.5,0.1,0.6,1.3,11.1,,hardati02
109,Buddy Hield,32,GSW,SG,80,22,22.8,4.0,9.6,.417,2.5,6.7,.370,1.5,2.9,.526,.546,0.7,0.8,.828,0.6,2.6,3.2,1.7,0.9,0.3,1.1,1.6,11.1,,hieldbu01
110,Spencer Dinwiddie,31,DAL,PG,78,30,26.9,3.6,8.6,.421,1.4,4.1,.338,2.2,4.5,.497,.501,2.4,3.1,.798,0.2,2.4,2.7,4.4,0.9,0.2,1.3,1.5,11.1,,dinwisp01
111,Walker Kessler,23,UTA,C,58,58,30.0,4.8,7.2,.663,0.1,0.6,.176,4.7,6.6,.706,.671,1.4,2.6,.520,4.6,7.6,12.2,1.7,0.6,2.4,1.5,2.2,11.1,,kesslwa01
112,Duncan Robinson,30,MIA,SF,72,36,24.3,3.9,8.9,.436,2.5,6.5,.391,1.4,2.5,.553,.578,0.6,0.7,.885,0.2,2.0,2.3,2.4,0.6,0.1,1.2,1.8,11.0,,robindu01
113,Guerschon Yabusele,29,PHI,C,70,43,27.1,4.0,8.0,.501,1.5,3.9,.380,2.5,4.1,.616,.593,1.4,2.0,.725,1.9,3.7,5.6,2.1,0.8,0.3,1.2,2.3,11.0,,yabusgu01
114,Terry Rozier,30,MIA,PG,62,23,26.0,4.0,10.0,.395,1.5,4.9,.301,2.5,5.2,.483,.468,1.5,1.7,.852,0.7,3.0,3.7,2.6,0.6,0.2,1.2,1.2,10.9,,roziete01
115,Obi Toppin,26,IND,PF,77,2,19.6,4.1,7.6,.533,1.4,3.8,.368,2.6,3.8,.702,.626,1.2,1.5,.781,0.7,3.3,4.0,1.6,0.6,0.4,0.8,1.4,10.7,,toppiob01
116,Brice Sensabaugh,21,UTA,SF,69,13,19.7,3.8,8.2,.462,2.1,5.0,.421,1.7,3.2,.528,.591,0.8,0.9,.891,0.6,2.3,2.9,1.5,0.6,0.1,1.4,1.5,10.5,,sensabr01
117,Keon Johnson,22,BRK,SG,77,54,24.2,3.8,9.9,.386,1.6,5.1,.316,2.2,4.8,.459,.467,1.2,1.6,.756,0.8,2.9,3.7,2.1,1.0,0.4,1.4,2.6,10.5,,johnske07
118,Jaylen Wells,21,MEM,SG,79,74,25.9,3.6,8.6,.425,1.7,5.0,.352,1.9,3.6,.525,.527,1.4,1.7,.822,1.1,2.3,3.4,1.7,0.6,0.1,0.9,1.8,10.4,,wellsja01
119,Grayson Allen,29,PHO,SG,62,5,24.0,3.3,7.5,.441,2.3,5.4,.421,1.0,2.1,.492,.593,1.5,1.8,.813,0.5,2.5,3.0,2.0,0.9,0.3,1.1,1.5,10.4,,allengr01
120,Nic Claxton,25,BRK,C,69,61,27.0,4.6,8.1,.560,0.1,0.3,.238,4.5,7.8,.573,.565,1.1,2.2,.510,2.3,5.2,7.4,2.3,0.9,1.4,1.2,2.2,10.3,,claxtni01
121,Jonas Valančiūnas,32,2TM,C,79,21,18.9,4.2,7.7,.543,0.1,0.5,.216,4.1,7.3,.564,.550,1.8,2.0,.875,2.4,5.4,7.8,2.0,0.5,0.6,1.5,2.2,10.3,,valanjo01
122,Derrick Jones Jr.,27,LAC,SF,75,55,24.4,4.1,7.7,.527,1.0,2.9,.360,3.0,4.8,.625,.594,1.1,1.5,.707,1.2,2.2,3.4,0.8,1.0,0.4,0.9,2.0,10.2,,jonesde02
123,Kevin Porter Jr.,24,2TM,SG,74,4,19.6,3.9,8.6,.450,0.7,2.3,.306,3.2,6.3,.503,.491,1.7,2.2,.773,0.6,3.1,3.7,3.4,1.1,0.2,1.8,1.6,10.2,,porteke02
124,Tyus Jones,28,PHO,PG,79,57,27.0,3.8,8.4,.449,2.0,4.9,.414,1.7,3.5,.498,.570,0.6,0.7,.895,0.5,1.9,2.4,5.4,0.8,0.1,1.1,0.8,10.2,,jonesty01
125,Andrew Nembhard,25,IND,SG,64,64,29.2,3.8,8.3,.463,0.8,2.7,.291,3.1,5.6,.546,.510,1.7,2.1,.794,0.5,2.8,3.4,5.0,1.2,0.2,1.7,2.3,10.2,,nembhan01
126,Ochai Agbaji,24,TOR,SG,62,43,26.9,4.0,8.2,.495,1.5,3.8,.391,2.5,4.3,.587,.587,0.5,0.8,.708,0.9,2.9,3.8,1.6,0.8,0.5,0.9,1.9,10.1,,agbajoc01
127,Luguentz Dort,25,OKC,SF,71,71,29.2,3.6,8.4,.435,2.4,5.8,.412,1.2,2.5,.489,.578,0.5,0.6,.717,1.3,2.9,4.1,1.6,1.1,0.5,0.7,2.9,10.1,,dortlu01
128,Ausar Thompson,22,DET,SF,58,47,22.4,4.2,7.8,.537,0.2,0.8,.234,4.0,7.0,.572,.549,1.5,2.4,.638,1.9,3.2,5.1,2.3,1.7,0.7,1.4,2.8,10.1,,thompau01
129,Ziaire Williams,23,BRK,SF,63,45,24.5,3.4,8.3,.412,1.6,4.8,.341,1.8,3.5,.509,.511,1.6,2.0,.821,1.0,3.6,4.6,1.3,1.0,0.4,1.1,2.4,10.0,,willizi02
130,Moses Moody,22,GSW,SG,72,32,22.2,3.3,7.7,.435,1.7,4.6,.375,1.6,3.1,.525,.547,1.5,1.8,.795,0.7,1.9,2.6,1.3,0.8,0.4,0.7,1.5,9.9,,moodymo01
131,Nick Smith Jr.,20,CHO,SG,59,26,22.9,3.7,9.5,.390,1.7,5.1,.339,2.0,4.4,.450,.481,0.7,0.8,.933,0.2,1.9,2.1,2.4,0.3,0.1,1.4,1.3,9.9,,smithni01
132,Georges Niang,31,2TM,PF,78,3,21.5,3.6,7.8,.462,2.1,5.1,.404,1.5,2.6,.576,.596,0.6,0.7,.793,0.6,2.9,3.4,1.4,0.4,0.2,1.0,2.6,9.8,,niangge01
133,Scotty Pippen Jr.,24,MEM,PG,78,21,21.2,3.6,7.5,.483,1.1,2.7,.397,2.5,4.7,.532,.556,1.5,2.1,.713,0.8,2.5,3.3,4.4,1.3,0.4,1.8,2.6,9.8,,pippesc02
134,Isaiah Joe,25,OKC,SG,72,14,21.3,3.4,7.8,.435,2.5,6.1,.408,0.9,1.6,.538,.597,0.6,0.7,.804,0.5,2.0,2.6,1.5,0.6,0.1,0.5,1.5,9.8,,joeis01
135,Amir Coffey,27,LAC,SG,71,13,24.6,3.4,7.2,.471,1.4,3.5,.409,2.0,3.7,.529,.570,1.6,1.8,.891,0.5,1.8,2.3,1.1,0.6,0.1,0.6,1.7,9.8,,coffeam01
136,Kevin Huerter,26,2TM,SG,67,29,24.4,3.7,8.7,.425,1.9,5.6,.333,1.8,3.1,.592,.533,0.5,0.7,.723,0.4,2.5,3.0,2.2,1.0,0.3,1.0,1.7,9.8,,huertke01
137,Julian Champagnie,23,SAS,SF,80,27,23.4,3.3,8.0,.411,2.1,5.8,.361,1.2,2.2,.543,.542,1.1,1.2,.903,0.8,3.0,3.8,1.4,0.8,0.4,0.9,1.4,9.7,,champju02
138,Bub Carrington,19,WAS,PG,80,55,29.8,3.6,8.9,.401,1.7,4.9,.339,1.9,4.0,.477,.494,0.8,1.0,.807,0.4,3.7,4.1,4.3,0.7,0.3,1.7,2.3,9.7,,carrica01
139,Cole Anthony,24,ORL,PG,65,22,18.5,3.5,8.2,.422,1.2,3.3,.355,2.3,4.9,.467,.493,1.4,1.7,.823,0.7,2.4,3.1,2.8,0.7,0.4,1.5,2.3,9.6,,anthoco01
140,Max Christie,21,2TM,SG,76,35,27.1,3.2,7.4,.426,1.5,4.0,.368,1.7,3.4,.492,.525,1.6,1.9,.849,0.5,2.8,3.3,1.9,0.8,0.4,1.1,1.5,9.4,,chrisma02
141,Kyle Filipowski,21,UTA,C,70,25,20.9,3.5,7.0,.506,1.1,3.0,.356,2.5,4.0,.618,.582,1.3,2.0,.648,1.5,4.5,6.1,1.9,0.7,0.3,1.4,2.3,9.4,,filipky01
142,Nickeil Alexander-Walker,26,MIN,SG,80,10,25.2,3.3,7.5,.438,1.7,4.5,.384,1.6,3.0,.517,.552,1.1,1.4,.783,0.7,2.6,3.2,2.7,0.6,0.4,1.2,1.7,9.4,,alexani01
143,Miles McBride,24,NYK,PG,62,9,24.9,3.4,8.5,.404,1.8,4.8,.366,1.7,3.7,.454,.508,0.8,1.0,.817,0.8,1.8,2.5,2.9,1.0,0.3,0.6,1.6,9.4,,mcbrimi01
144,Jalen Wilson,24,BRK,PF,77,20,25.4,3.1,7.8,.394,1.5,4.5,.327,1.6,3.3,.486,.488,1.7,2.1,.827,0.9,2.4,3.3,1.8,0.5,0.1,1.0,2.1,9.3,,wilsoja03
145,Nick Richards,27,2TM,C,57,43,22.0,3.6,6.1,.591,0.0,0.0,.000,3.6,6.1,.594,.591,2.1,2.8,.744,2.6,5.6,8.2,0.9,0.2,1.0,1.4,2.5,9.3,,richani01
146,Zach Edey,22,MEM,C,65,54,21.3,3.8,6.6,.578,0.3,0.8,.346,3.5,5.8,.610,.599,1.4,1.9,.715,3.5,4.7,8.2,1.0,0.5,1.3,1.3,2.7,9.3,,edeyza01
147,Kel'el Ware,20,MIA,C,62,34,22.2,4.0,7.1,.557,0.5,1.7,.318,3.4,5.4,.633,.595,0.7,1.1,.687,1.8,5.6,7.4,0.9,0.6,1.1,0.9,1.8,9.2,,wareke01
148,Royce O'Neale,31,PHO,SF,73,22,24.6,3.3,7.6,.429,2.4,5.9,.415,0.8,1.7,.476,.589,0.3,0.4,.731,0.7,4.0,4.7,2.2,0.9,0.5,0.9,2.0,9.2,,onealro01
149,Wendell Carter Jr.,25,ORL,C,67,50,26.0,3.4,7.2,.465,0.6,2.3,.237,2.8,4.9,.573,.503,1.9,2.6,.738,2.3,5.0,7.3,2.0,0.8,0.6,1.1,3.0,9.2,,cartewe01
150,Anthony Black,21,ORL,PG,76,9,23.9,3.2,7.7,.418,0.8,2.5,.312,2.5,5.3,.469,.469,1.9,2.5,.758,0.6,2.2,2.8,3.0,1.1,0.6,1.8,2.1,9.1,,blackan01
151,Yves Missi,20,NOP,C,73,67,26.8,3.7,6.7,.547,0.0,0.0,.000,3.7,6.7,.548,.547,1.7,2.8,.623,3.5,4.7,8.2,1.4,0.5,1.3,1.1,2.0,9.1,,missiyv01
152,T.J. McConnell,32,IND,PG,77,0,17.9,4.1,7.9,.519,0.2,0.6,.306,3.9,7.3,.538,.531,0.7,0.9,.746,0.6,1.9,2.5,4.5,1.1,0.3,1.4,1.0,9.1,,mccontj01
153,Julian Strawther,22,DEN,SG,64,4,21.5,3.3,7.5,.432,1.5,4.2,.351,1.8,3.3,.535,.530,1.1,1.3,.821,0.3,2.0,2.2,1.3,0.6,0.3,0.9,2.3,9.0,,strawju01
154,Draymond Green,34,GSW,PF,66,64,29.0,3.2,7.5,.425,1.1,3.6,.319,2.0,3.9,.521,.501,1.5,2.2,.687,1.1,5.0,6.1,5.7,1.4,1.0,2.6,3.2,9.0,,greendr01
155,Patrick Williams,23,CHI,PF,61,36,25.0,3.2,8.1,.396,1.5,4.3,.354,1.7,3.9,.443,.489,1.0,1.3,.732,0.7,3.0,3.7,2.0,0.7,0.5,1.4,1.4,9.0,,willipa01
156,Al Horford,38,BOS,C,59,41,27.6,3.2,7.6,.421,1.9,5.2,.360,1.3,2.4,.552,.544,0.6,0.6,.895,1.3,4.7,6.1,2.2,0.6,0.8,0.7,1.4,8.9,,horfoal01
157,Dalton Knecht,23,LAL,SF,76,15,19.1,3.2,7.0,.462,1.6,4.3,.373,1.6,2.7,.602,.576,0.8,1.1,.750,0.4,2.3,2.7,0.9,0.3,0.1,0.5,1.2,8.9,,knechda01
158,Chris Paul,39,SAS,PG,80,80,28.1,3.1,7.1,.430,1.7,4.5,.380,1.3,2.6,.520,.552,1.0,1.1,.932,0.4,3.2,3.6,7.5,1.2,0.3,1.6,1.9,8.9,,paulch01
159,Kentavious Caldwell-Pope,31,ORL,SG,76,76,29.9,3.1,7.1,.441,1.5,4.3,.346,1.6,2.8,.587,.545,1.1,1.3,.863,0.4,1.8,2.2,1.8,1.3,0.4,0.8,1.8,8.8,,caldwke01
160,Luke Kennard,28,MEM,SG,64,11,22.6,3.2,6.6,.475,1.7,4.0,.432,1.4,2.6,.542,.606,0.8,0.9,.891,0.6,2.2,2.8,3.3,0.8,0.1,1.1,0.9,8.8,,kennalu01
161,Johnny Juzang,23,UTA,SG,62,16,19.5,3.1,7.3,.427,1.8,4.8,.371,1.3,2.4,.536,.550,0.7,0.9,.849,0.7,2.2,2.8,1.0,0.6,0.1,0.5,2.0,8.7,,juzanjo01
162,Kyshawn George,21,WAS,SG,66,36,26.7,3.0,8.1,.370,1.7,5.2,.320,1.3,2.8,.463,.474,1.1,1.4,.753,0.7,3.5,4.3,2.5,1.0,0.8,1.5,3.0,8.7,,georgky01
163,Isaiah Collier,20,UTA,PG,71,46,25.9,3.3,7.8,.422,0.6,2.4,.249,2.7,5.4,.497,.459,1.5,2.2,.682,0.5,2.9,3.3,6.3,0.9,0.2,2.9,2.1,8.7,,colliis01
164,Tyrese Martin,25,BRK,SG,58,10,21.9,3.1,7.6,.404,1.7,4.7,.357,1.4,2.9,.480,.514,0.8,1.0,.786,1.0,2.7,3.7,2.1,0.6,0.1,1.1,1.3,8.6,,martity01
165,Jared Butler,24,2TM,SG,58,15,17.1,3.2,7.2,.447,0.9,2.7,.357,2.3,4.6,.500,.513,1.2,1.4,.810,0.4,1.4,1.8,3.6,0.7,0.2,1.2,1.6,8.6,,butleja02
166,Dorian Finney-Smith,31,2TM,PF,62,40,28.8,3.0,6.9,.444,2.0,4.9,.402,1.1,1.9,.550,.588,0.5,0.7,.667,1.3,2.7,4.0,1.5,0.9,0.4,0.9,2.2,8.6,,finnedo01
167,Matas Buzelis,20,CHI,SF,78,29,18.8,3.1,6.9,.450,1.2,3.3,.355,1.9,3.6,.538,.535,1.1,1.3,.810,0.7,2.8,3.4,0.9,0.4,0.9,0.9,1.6,8.5,,buzelma01
168,Mike Conley,37,MIN,PG,69,62,25.0,2.7,6.7,.402,1.8,4.4,.414,0.9,2.3,.378,.539,1.2,1.3,.900,0.5,2.1,2.6,4.5,1.1,0.2,1.1,1.6,8.4,,conlemi01
169,Keon Ellis,25,SAC,SG,78,26,24.2,2.8,5.8,.489,1.8,4.0,.436,1.1,1.8,.607,.640,0.9,1.1,.845,0.8,1.9,2.7,1.5,1.5,0.8,0.9,2.2,8.4,,elliske01
170,Cason Wallace,21,OKC,SG,68,43,27.6,3.4,7.2,.474,1.1,3.1,.356,2.3,4.1,.562,.550,0.4,0.5,.811,1.0,2.3,3.4,2.5,1.8,0.5,0.9,2.1,8.4,,wallaca01
171,Brandon Clarke,28,MEM,PF,64,18,18.9,3.7,5.9,.621,0.0,0.3,.059,3.7,5.7,.647,.622,1.0,1.4,.701,2.0,3.1,5.1,1.0,0.8,0.6,0.6,2.3,8.3,,clarkbr01
172,Sam Hauser,27,BOS,PF,69,18,21.6,2.9,6.6,.448,2.3,5.6,.407,0.7,1.0,.671,.620,0.1,0.1,1.000,0.6,2.5,3.1,0.9,0.6,0.2,0.3,1.2,8.3,,hausesa01
173,Justin Champagnie,23,WAS,SF,60,29,21.1,3.2,6.3,.500,1.1,3.0,.373,2.1,3.4,.611,.587,0.8,1.2,.710,1.8,3.8,5.6,1.0,1.0,0.6,0.8,1.8,8.3,,champju01
174,Jalen Smith,24,CHI,C,62,2,15.2,3.0,6.4,.467,1.1,3.5,.324,1.8,2.8,.646,.557,1.1,1.4,.816,1.4,4.2,5.6,1.0,0.3,0.7,0.6,1.5,8.2,,smithja04
175,Dalano Banton,25,POR,PG,65,5,16.2,2.9,7.3,.400,1.0,3.2,.332,1.9,4.1,.451,.471,1.3,1.8,.725,0.4,1.5,1.9,2.3,0.6,0.5,1.2,0.8,8.2,,bantoda01
176,Taurean Prince,30,MIL,SF,79,72,27.1,2.9,6.4,.458,1.8,4.2,.436,1.1,2.2,.497,.600,0.5,0.6,.826,0.4,3.2,3.6,2.0,1.0,0.2,1.0,2.1,8.2,,princta02
177,Jaime Jaquez Jr.,23,MIA,SF,64,16,20.5,3.0,6.7,.443,0.5,1.8,.304,2.5,5.0,.492,.483,1.6,2.1,.756,1.3,3.0,4.3,2.4,0.9,0.2,1.5,1.2,8.1,,jaqueja01
178,Peyton Watson,22,DEN,SF,66,18,24.5,3.0,6.3,.478,0.7,2.0,.351,2.3,4.3,.537,.534,1.4,2.0,.692,0.7,2.7,3.4,1.4,0.7,1.4,0.8,1.8,8.1,,watsope01
179,Davion Mitchell,26,2TM,PG,72,36,27.6,3.0,6.5,.466,1.2,2.9,.399,1.9,3.6,.519,.555,0.8,1.1,.691,0.5,1.8,2.2,4.9,1.0,0.2,1.7,2.5,8.0,,mitchda01
180,Terance Mann,28,2TM,SG,65,12,21.0,3.0,6.0,.495,0.9,2.4,.373,2.1,3.6,.577,.570,0.7,1.0,.697,1.0,2.0,3.0,1.8,0.7,0.2,0.7,2.0,7.6,,mannte01
181,Josh Green,24,CHO,SG,68,67,27.8,2.6,6.2,.428,1.4,3.6,.391,1.2,2.5,.480,.543,0.7,1.1,.681,0.8,1.7,2.5,1.6,1.1,0.2,1.0,2.4,7.4,,greenjo02
182,A.J. Green,25,MIL,SG,71,6,22.8,2.5,5.8,.428,2.1,5.0,.424,0.4,0.8,.450,.609,0.3,0.4,.815,0.2,2.1,2.3,1.5,0.5,0.1,0.6,2.2,7.4,,greenaj01
183,Ricky Council IV,23,PHI,SF,71,11,16.8,2.4,6.3,.390,0.7,2.8,.264,1.7,3.4,.494,.449,1.7,2.1,.797,0.7,2.2,2.9,1.3,0.5,0.2,0.7,0.9,7.3,,councri01
184,Sam Merrill,28,CLE,SG,71,4,19.7,2.4,6.0,.406,1.9,5.2,.372,0.5,0.8,.625,.567,0.4,0.4,.966,0.5,1.7,2.2,1.5,0.7,0.2,0.5,1.7,7.2,,merrisa01
185,Goga Bitadze,25,ORL,C,68,41,20.3,2.9,4.8,.615,0.0,0.4,.115,2.9,4.4,.659,.620,1.1,1.8,.634,2.4,4.3,6.6,1.9,0.7,1.4,1.0,2.2,7.1,,bitadgo01
186,Jamal Shead,22,TOR,PG,73,9,19.1,2.7,6.6,.410,0.9,2.9,.330,1.8,3.7,.472,.482,0.7,0.9,.769,0.4,1.1,1.5,4.1,0.8,0.1,1.5,2.1,7.0,,sheadja01
187,Tristan Da Silva,23,ORL,SF,72,36,21.6,2.6,6.3,.411,1.1,3.2,.330,1.6,3.2,.493,.495,0.7,0.8,.869,1.0,2.3,3.3,1.5,0.4,0.2,0.7,1.2,7.0,,dasiltr01
188,Jake LaRavia,23,2TM,PF,66,0,20.4,2.4,5.1,.475,0.9,2.2,.423,1.5,3.0,.513,.564,1.2,1.7,.678,1.4,2.6,3.9,2.4,0.9,0.3,1.3,2.0,6.9,,laravja01
189,Cameron Payne,30,NYK,PG,70,4,14.9,2.5,6.1,.404,1.3,3.5,.363,1.2,2.6,.461,.509,0.6,0.7,.896,0.2,1.3,1.5,2.8,0.5,0.2,0.7,1.5,6.8,,payneca01
190,Jamison Battle,23,TOR,SF,57,8,16.9,2.4,5.5,.432,1.7,4.1,.404,0.7,1.4,.513,.583,0.3,0.3,.889,0.6,1.9,2.5,0.9,0.3,0.2,0.4,1.5,6.7,,battlja01
191,Trayce Jackson-Davis,24,GSW,C,61,37,15.8,2.9,5.0,.576,0.0,0.0,.000,2.9,4.9,.582,.576,1.0,1.7,.578,2.0,3.1,5.1,1.7,0.4,0.6,0.7,1.2,6.7,,jackstr02
192,Jay Huff,26,MEM,C,63,2,11.4,2.3,4.7,.505,1.3,3.1,.403,1.1,1.5,.711,.640,0.7,0.9,.778,0.4,1.5,2.0,0.6,0.2,0.8,0.5,1.2,6.6,,huffja01
193,Gary Payton II,32,GSW,SG,60,11,14.8,2.8,4.9,.579,0.5,1.6,.330,2.3,3.3,.697,.632,0.5,0.6,.711,0.9,2.1,3.0,1.3,0.8,0.3,0.6,1.7,6.6,,paytoga02
194,Ryan Dunn,22,PHO,SF,72,42,18.7,2.6,6.2,.427,1.1,3.4,.308,1.6,2.8,.576,.512,0.2,0.5,.459,1.1,2.3,3.4,0.7,0.6,0.5,0.5,2.2,6.6,,dunnry01
195,Ron Holland,19,DET,SF,79,1,15.6,2.5,5.2,.479,0.4,1.9,.236,2.0,3.3,.618,.522,1.2,1.5,.760,0.5,2.2,2.7,1.0,0.6,0.2,0.9,1.8,6.5,,hollaro01
196,Gabe Vincent,28,LAL,PG,71,11,21.2,2.4,5.9,.403,1.5,4.3,.356,0.8,1.6,.532,.534,0.2,0.3,.714,0.3,1.0,1.3,1.4,0.7,0.2,0.6,2.1,6.5,,vincega01
197,Thomas Bryant,27,2TM,C,64,7,14.5,2.5,4.8,.508,0.7,2.2,.321,1.8,2.6,.663,.581,0.8,1.0,.855,1.3,2.6,3.8,0.8,0.4,0.6,0.5,1.2,6.4,,bryanth01
198,Trey Lyles,29,SAC,PF,67,5,19.3,2.2,5.4,.415,1.2,3.4,.341,1.1,1.9,.546,.524,0.8,1.2,.696,1.1,3.4,4.6,1.2,0.6,0.3,0.6,1.3,6.4,,lylestr01
199,Kris Dunn,30,LAC,PG,72,56,24.0,2.6,5.9,.436,1.0,3.0,.330,1.6,2.9,.545,.520,0.2,0.3,.682,0.7,2.7,3.4,2.8,1.7,0.4,1.0,2.6,6.4,,dunnkr01
200,Seth Curry,34,CHO,SG,67,14,15.6,2.4,5.0,.472,1.2,2.6,.446,1.2,2.4,.500,.588,0.5,0.6,.846,0.4,1.3,1.7,0.9,0.4,0.1,0.5,0.9,6.4,,curryse01
201,Haywood Highsmith,28,MIA,SF,72,41,24.7,2.4,5.2,.456,1.2,3.1,.381,1.2,2.1,.567,.570,0.4,0.6,.721,1.0,2.4,3.4,1.5,0.9,0.5,0.7,2.2,6.3,,highsha01
202,Donovan Clingan,20,POR,C,65,35,19.6,2.6,4.8,.537,0.2,0.7,.304,2.4,4.1,.577,.559,1.0,1.5,.626,3.2,4.5,7.7,1.1,0.5,1.6,1.1,2.8,6.3,,clingdo01
203,Zach Collins,27,2TM,PF,62,12,15.2,2.4,4.7,.503,0.5,1.7,.298,1.9,3.0,.618,.557,1.0,1.2,.875,1.6,2.9,4.5,1.7,0.5,0.5,0.9,2.1,6.2,,colliza01
204,Jeremiah Robinson-Earl,24,NOP,PF,64,7,18.3,2.3,5.0,.464,0.8,2.4,.349,1.5,2.6,.569,.547,0.7,0.8,.849,1.6,3.0,4.6,1.3,0.6,0.1,0.7,1.2,6.2,,robinje02
205,Jonathan Mogbo,23,TOR,PF,61,16,19.9,2.4,5.3,.454,0.3,1.0,.270,2.1,4.3,.498,.480,1.0,1.3,.738,1.7,3.1,4.7,2.1,0.8,0.5,1.1,2.1,6.1,,mogbojo01
206,Isaiah Stewart,23,DET,C,72,4,19.9,2.4,4.4,.559,0.2,0.7,.321,2.2,3.6,.607,.586,0.9,1.2,.759,1.8,3.7,5.5,1.7,0.4,1.4,0.9,2.5,6.0,,stewais01
207,Sandro Mamukelashvili,25,SAS,PF,59,0,10.8,2.2,4.4,.492,1.0,2.6,.383,1.2,1.8,.654,.607,0.7,0.9,.732,1.0,1.9,2.9,0.7,0.3,0.3,0.4,1.0,6.0,,mamuksa01
208,Kenrich Williams,30,OKC,PF,67,5,15.9,2.3,4.8,.481,1.0,2.4,.404,1.3,2.4,.559,.582,0.4,0.5,.788,0.9,2.4,3.3,1.3,0.6,0.1,0.5,1.6,6.0,,willike04
209,Jarace Walker,21,IND,PF,73,3,15.4,2.2,4.6,.473,1.0,2.4,.407,1.2,2.2,.547,.580,0.6,0.9,.662,0.3,2.6,2.9,1.4,0.7,0.3,1.0,1.5,6.0,,walkeja02
210,Luke Kornet,29,BOS,C,71,15,18.5,2.5,3.7,.673,0.0,0.0,.000,2.5,3.7,.678,.673,0.9,1.3,.703,2.6,2.7,5.3,1.6,0.5,0.9,0.4,1.6,5.9,,kornelu01
211,Tidjane Salaün,19,CHO,PF,58,9,20.4,1.9,5.7,.338,1.0,3.3,.289,0.9,2.3,.410,.424,1.1,1.6,.707,1.2,3.5,4.7,1.2,0.5,0.2,0.9,1.4,5.9,,salauti01
212,Simone Fontecchio,29,DET,SF,73,0,16.6,2.0,5.0,.398,1.0,3.0,.326,1.0,2.0,.507,.496,0.9,1.1,.831,0.7,2.2,2.9,0.9,0.4,0.2,0.7,1.3,5.9,,fontesi01
213,Kyle Anderson,31,2TM,PF,59,4,16.1,2.3,4.9,.471,0.4,1.2,.357,1.9,3.7,.507,.514,0.8,1.0,.750,0.9,2.4,3.3,2.3,0.7,0.5,0.6,1.3,5.8,,anderky01
214,Moussa Diabaté,23,CHO,C,70,8,17.4,2.3,3.9,.601,0.0,0.1,.000,2.3,3.8,.613,.601,1.0,1.6,.598,2.6,3.5,6.1,0.8,0.6,0.6,0.8,1.5,5.6,,diabamo01
215,Dean Wade,28,CLE,PF,58,29,21.1,1.9,4.6,.416,1.4,3.8,.362,0.6,0.8,.667,.565,0.3,0.5,.536,0.9,3.4,4.3,1.3,0.7,0.3,0.4,1.7,5.5,,wadede01
216,Aaron Holiday,28,HOU,PG,60,3,12.7,1.9,4.3,.432,1.1,2.9,.395,0.7,1.4,.506,.564,0.6,0.7,.825,0.2,1.1,1.3,1.3,0.3,0.2,0.6,1.0,5.4,,holidaa01
217,Ben Sheppard,23,IND,SG,63,9,19.5,1.9,4.6,.418,1.1,3.2,.342,0.8,1.4,.591,.537,0.4,0.4,.889,0.7,2.1,2.8,1.3,0.6,0.2,0.3,2.0,5.3,,sheppbe01
218,Jonathan Isaac,27,ORL,PF,69,0,15.2,1.8,4.5,.409,0.6,2.1,.260,1.3,2.3,.543,.471,1.0,1.4,.660,1.7,2.7,4.3,0.5,0.9,1.1,0.4,1.2,5.2,,isaacjo01
219,Javonte Green,31,2TM,SG,66,18,18.7,1.8,4.1,.435,0.7,2.0,.343,1.1,2.1,.526,.520,0.8,1.2,.724,0.9,2.4,3.2,0.8,1.0,0.5,0.5,1.4,5.1,,greenja02
220,Neemias Queta,25,BOS,C,60,6,13.8,2.1,3.3,.656,0.0,0.1,.000,2.1,3.2,.667,.656,0.8,1.0,.750,1.5,2.4,3.8,0.7,0.3,0.7,0.7,1.7,5.0,,quetane01
221,Jabari Walker,22,POR,SF,58,1,12.2,1.9,3.6,.514,0.4,1.2,.377,1.4,2.4,.582,.576,0.7,1.1,.667,1.0,2.5,3.5,0.6,0.5,0.1,0.6,1.5,4.9,,walkeja01
222,Drew Eubanks,27,2TM,C,60,4,12.4,1.9,3.2,.593,0.1,0.1,.500,1.9,3.1,.596,.601,0.8,1.2,.662,1.0,2.8,3.8,0.9,0.2,0.7,0.7,1.0,4.7,,eubandr01
223,Kevon Looney,28,GSW,C,74,6,15.0,1.9,3.7,.509,0.0,0.1,.400,1.9,3.6,.511,.513,0.7,1.3,.567,2.5,3.6,6.1,1.5,0.6,0.5,0.5,2.0,4.6,,looneke01
224,Mason Plumlee,34,PHO,C,72,20,17.5,1.7,2.7,.617,0.0,0.0,.000,1.7,2.7,.627,.617,1.1,1.7,.645,1.6,4.6,6.2,1.8,0.4,0.6,0.8,2.1,4.5,,plumlma01
225,Dalen Terry,22,CHI,SG,72,5,13.5,1.6,3.6,.452,0.5,1.4,.366,1.1,2.2,.506,.523,0.7,1.0,.710,0.5,1.2,1.7,1.3,0.6,0.2,0.7,1.6,4.4,,terryda01
226,Julian Phillips,21,CHI,SF,77,3,13.9,1.5,3.5,.437,0.6,1.9,.322,0.9,1.6,.568,.522,0.7,0.9,.771,0.8,1.2,2.0,0.5,0.5,0.2,0.4,1.3,4.3,,phillju01
227,Oso Ighodaro,22,PHO,PF,59,5,16.7,1.8,2.9,.610,0.0,0.0,.000,1.8,2.9,.618,.610,0.5,0.8,.580,1.1,2.5,3.6,1.1,0.4,0.4,0.6,1.7,4.1,,ighodos01
228,Jett Howard,21,ORL,SF,58,0,11.0,1.4,4.1,.354,0.9,3.0,.297,0.6,1.1,.508,.462,0.3,0.3,.750,0.3,0.8,1.2,0.7,0.2,0.2,0.5,1.0,4.0,,howarje01
229,Kris Murray,24,POR,SF,67,4,14.5,1.7,3.8,.434,0.4,1.7,.234,1.3,2.2,.586,.484,0.3,0.8,.431,1.0,1.4,2.5,0.9,0.5,0.2,0.6,0.9,4.0,,murrakr01
230,Nicolas Batum,36,LAC,PF,78,8,17.5,1.3,3.1,.437,1.1,2.6,.433,0.2,0.4,.457,.622,0.2,0.3,.810,0.6,2.2,2.8,1.1,0.7,0.5,0.4,1.4,4.0,,batumni01
231,Steven Adams,31,HOU,C,57,3,13.6,1.6,2.9,.546,0.0,0.0,.000,1.6,2.8,.553,.546,0.8,1.6,.462,2.9,2.8,5.6,1.1,0.4,0.5,0.9,1.0,3.9,,adamsst01
232,Andre Jackson Jr.,23,MIL,SG,66,43,14.3,1.4,2.9,.471,0.4,1.1,.387,0.9,1.8,.526,.547,0.2,0.4,.500,1.0,1.7,2.7,1.2,0.5,0.2,0.8,1.7,3.3,,jacksan01
,League Average,,,,,,,,,.467,,,.360,,,.545,.543,,,.781,,,,,,,,,,,-9999